[{
  "_id": {
    "$oid": "64f7465931951fec41bcc6a3"
  },
  "cat_name": "Smartfonlar va aksessuarlar",
  "cat_img": "https://encrypted-tbn0.gstatic.com/images?q=tbn:ANd9GcQ8Q7EwK6KwjQo18JVl9EXo45fqI_OFaUh2Vg&usqp=CAU",
  "__v": 0,
  "subcategories": [
    "64f756ffa91827f80c6a9df8",
    "64f75758a91827f80c6a9dfa",
    "64f757cfa91827f80c6a9dfc",
    "64f7585fa91827f80c6a9dfe",
    "64f758aea91827f80c6a9e00",
    "64f7591da91827f80c6a9e02"
  ],
  "products": [
    {
      "$oid": "64fdded015b2644188b1170f"
    },
    {
      "$oid": "64fde601a28e9f2f02fad345"
    },
    {
      "$oid": "64fde602a28e9f2f02fad34c"
    },
    {
      "$oid": "64fdea08ad0e495b66366849"
    },
    {
      "$oid": "64ff8ecd4968b7911ab1ea22"
    },
    {
      "$oid": "64ff90723896d850b90478e3"
    },
    {
      "$oid": "64ffa8c002e21fd6602bfb7f"
    },
    {
      "$oid": "6500b930181ec0717916f225"
    },
    {
      "$oid": "6500bc781da035d32c89d712"
    },
    {
      "$oid": "6501b9e35da1aaf3530debe6"
    },
    {
      "$oid": "65033d994602888b8c1f70e2"
    },
    {
      "$oid": "65046bc507d0f580f3b2c5e8"
    },
    {
      "$oid": "6527bd33cd4d40dc1d5e4671"
    },
    {
      "$oid": "6528fe97d664db1bfc5bcedf"
    },
    {
      "$oid": "65334e4885830c0a5f51eee7"
    }
  ]
},
{
  "_id": {
    "$oid": "64f7481531951fec41bcc6a6"
  },
  "cat_name": "Noutbuklar va kompyuterlar",
  "cat_img": "https://previews.123rf.com/images/maxxyustas/maxxyustas1409/maxxyustas140900017/31615457-computer-devices-mobile-phone-laptop-printer-camera-and-tablet-pc-3d.jpg",
  "__v": 0,
  "subcategories": [
    "64f75986a91827f80c6a9e04",
    "64f759b3a91827f80c6a9e06",
    "64f759eca91827f80c6a9e08",
    "64f75a1ca91827f80c6a9e0a",
    "64f75a67a91827f80c6a9e0c"
  ],
  "products": [
    {
      "$oid": "6525b49e8db47322d4627f2c"
    },
    {
      "$oid": "6525b5658db47322d4627f5c"
    },
    {
      "$oid": "6525b6138db47322d4627f81"
    },
    {
      "$oid": "6525b6f08db47322d4627faf"
    },
    {
      "$oid": "6525cd9ff847522d1e70e43a"
    }
  ]
},
{
  "_id": {
    "$oid": "64f748d431951fec41bcc6a8"
  },
  "cat_name": "Audio va naushniklar",
  "cat_img": "https://kennerton.org/wp-content/uploads/revslider/Headphones/GH40-899x395-1.jpg",
  "__v": 0,
  "subcategories": [
    "64f75a97a91827f80c6a9e0e",
    "64f75c36a91827f80c6a9e10",
    "64f75cb8a91827f80c6a9e12"
  ],
  "products": [
    {
      "$oid": "6501bc3847e5846ca462d342"
    },
    {
      "$oid": "6501bd7a47e5846ca462d3da"
    },
    {
      "$oid": "6525d07cd1c2d26e360736d4"
    }
  ]
},
{
  "_id": {
    "$oid": "64f7496b31951fec41bcc6aa"
  },
  "cat_name": "Foto va video texnikasi",
  "cat_img": "https://img.freepik.com/premium-vector/electronic-appliance-icons_3528-709.jpg?size=626&ext=jpg",
  "__v": 0,
  "subcategories": [
    "64f75d0aa91827f80c6a9e14",
    "64f75d2ba91827f80c6a9e16",
    "64f75d6ca91827f80c6a9e18",
    "64f75d9aa91827f80c6a9e1a",
    "64f75df5a91827f80c6a9e1c"
  ]
},
{
  "_id": {
    "$oid": "64f749ff31951fec41bcc6ac"
  },
  "cat_name": "Soatlar va Aqlli soatlar",
  "cat_img": "https://developer.android.com/static/wear/images/hero/code.svg",
  "__v": 0,
  "subcategories": [
    "64f75e33a91827f80c6a9e1e",
    "64f75e50a91827f80c6a9e20",
    "64f75e9da91827f80c6a9e22",
    "64f75faba91827f80c6a9e24"
  ]
},
{
  "_id": {
    "$oid": "64f74a9031951fec41bcc6ae"
  },
  "cat_name": "O'yin aksessuarlari",
  "cat_img": "https://www.timeoutabudhabi.com/cloud/timeoutabudhabi/2021/10/11/ozhG7gZI-gaming-gear-1200x800.jpg",
  "__v": 0,
  "subcategories": [
    "64f75ff6a91827f80c6a9e26",
    "64f7603ea91827f80c6a9e28",
    "64f7625aa91827f80c6a9e2b",
    "64f76422a91827f80c6a9e2d"
  ]
},
{
  "_id": {
    "$oid": "64f74fc831951fec41bcc6b1"
  },
  "cat_name": "Elektron aksessuarlar",
  "cat_img": "https://kulies.com/admin/upload/sub_category/home_electronic_accessories.jpg",
  "__v": 0,
  "subcategories": [
    "64f76483a91827f80c6a9e2f",
    "64f76532a91827f80c6a9e31",
    "64f76582a91827f80c6a9e33",
    {
      "$oid": "64f76faee7a0f75c7fbee320"
    }
  ]
}]