[{
  "_id": {
    "$oid": "64f756ffa91827f80c6a9df8"
  },
  "cat_ref_id": {
    "$oid": "64f7465931951fec41bcc6a3"
  },
  "sub_name": "Telefonlar",
  "sub_img": "https://www.citypng.com/public/uploads/preview/iphone-14-pro-and-max-deep-purple-png-11662587434zacaxkb4sd.png",
  "__v": 0,
  "products": [
    {
      "$oid": "64fdbf4be903fc7d6990196b"
    },
    {
      "$oid": "64fdded015b2644188b1170f"
    },
    {
      "$oid": "64fde601a28e9f2f02fad345"
    },
    {
      "$oid": "64fde602a28e9f2f02fad34c"
    },
    {
      "$oid": "64fdea08ad0e495b66366849"
    },
    {
      "$oid": "64ff8ecd4968b7911ab1ea22"
    },
    {
      "$oid": "64ff90723896d850b90478e3"
    },
    {
      "$oid": "64ffa8c002e21fd6602bfb7f"
    },
    {
      "$oid": "6500b930181ec0717916f225"
    },
    {
      "$oid": "6500bc781da035d32c89d712"
    },
    {
      "$oid": "6501b9e35da1aaf3530debe6"
    },
    {
      "$oid": "65033d994602888b8c1f70e2"
    },
    {
      "$oid": "65046bc507d0f580f3b2c5e8"
    }
  ]
},
{
  "_id": {
    "$oid": "64f75758a91827f80c6a9dfa"
  },
  "cat_ref_id": {
    "$oid": "64f7465931951fec41bcc6a3"
  },
  "sub_name": "Batareyalar",
  "sub_img": "https://static.vecteezy.com/system/resources/thumbnails/024/825/011/small/3d-battery-icon-png.png",
  "__v": 0
},
{
  "_id": {
    "$oid": "64f757cfa91827f80c6a9dfc"
  },
  "cat_ref_id": {
    "$oid": "64f7465931951fec41bcc6a3"
  },
  "sub_name": "ekranlar",
  "sub_img": "https://www.smartaddiction.com/wp-content/uploads/2023/06/new-cracked-phone-screen.png",
  "__v": 0
},
{
  "_id": {
    "$oid": "64f7585fa91827f80c6a9dfe"
  },
  "cat_ref_id": {
    "$oid": "64f7465931951fec41bcc6a3"
  },
  "sub_name": "Kaselar",
  "sub_img": "https://store.taylorswift.com/cdn/shop/products/LYRIC_ILLUSTRATION_PHONE_CASE_800x.png?v=1582760196",
  "__v": 0
},
{
  "_id": {
    "$oid": "64f758aea91827f80c6a9e00"
  },
  "cat_ref_id": {
    "$oid": "64f7465931951fec41bcc6a3"
  },
  "sub_name": "Telefon himoya oynaklari",
  "sub_img": "https://www.myimaginestore.com/media/catalog/product/cache/4a48ac28cbb6e9c41470e5be5a6d3043/f/o/fog_temepered_1.png",
  "__v": 0
},
{
  "_id": {
    "$oid": "64f7591da91827f80c6a9e02"
  },
  "cat_ref_id": {
    "$oid": "64f7465931951fec41bcc6a3"
  },
  "sub_name": "Quvvat olgichlar",
  "sub_img": "https://media.croma.com/image/upload/v1675859289/Croma%20Assets/Communication/Chargers%20and%20Batteries/Images/250442_0_q27pog.png",
  "__v": 0
},
{
  "_id": {
    "$oid": "64f75986a91827f80c6a9e04"
  },
  "cat_ref_id": {
    "$oid": "64f7481531951fec41bcc6a6"
  },
  "sub_name": "Noutbuklar",
  "sub_img": "https://royaltyfreefootages.com/upload/video/Apple%20laptop%20PNG%20image,%20transparent%20Apple%20laptop%20png%20image,%20Apple%20laptop%20png%20hd%20images%20download_1658745513.png",
  "__v": 0
},
{
  "_id": {
    "$oid": "64f759b3a91827f80c6a9e06"
  },
  "cat_ref_id": {
    "$oid": "64f7481531951fec41bcc6a6"
  },
  "sub_name": "Kamputerlar",
  "sub_img": "https://www.freeiconspng.com/thumbs/computer-png-hd/computer-desktop-pc-png-transparent-31.png",
  "__v": 0
},
{
  "_id": {
    "$oid": "64f759eca91827f80c6a9e08"
  },
  "cat_ref_id": {
    "$oid": "64f7481531951fec41bcc6a6"
  },
  "sub_name": "Sichqonchalar",
  "sub_img": "https://freepngimg.com/save/20550-computer-mouse-transparent-background/1500x1500",
  "__v": 0
},
{
  "_id": {
    "$oid": "64f75a1ca91827f80c6a9e0a"
  },
  "cat_ref_id": {
    "$oid": "64f7481531951fec41bcc6a6"
  },
  "sub_name": "Klaviaturalar",
  "sub_img": "https://pngimg.com/d/keyboard_PNG101845.png",
  "__v": 0
},
{
  "_id": {
    "$oid": "64f75a67a91827f80c6a9e0c"
  },
  "cat_ref_id": {
    "$oid": "64f7481531951fec41bcc6a6"
  },
  "sub_name": "Ko'z oynaklari",
  "sub_img": "https://boncharge.com/cdn/shop/files/Crystalside1.png?v=1693801125&width=1445",
  "__v": 0
},
{
  "_id": {
    "$oid": "64f75a97a91827f80c6a9e0e"
  },
  "cat_ref_id": {
    "$oid": "64f748d431951fec41bcc6a8"
  },
  "sub_name": "Naushniklar",
  "sub_img": "https://static.vecteezy.com/system/resources/previews/012/981/082/original/wireless-headphones-side-view-white-icon-on-a-transparent-background-3d-rendering-png.png",
  "__v": 0,
  "products": [
    {
      "$oid": "6501bc3847e5846ca462d342"
    }
  ]
},
{
  "_id": {
    "$oid": "64f75c36a91827f80c6a9e10"
  },
  "cat_ref_id": {
    "$oid": "64f748d431951fec41bcc6a8"
  },
  "sub_name": "Spikerlar",
  "sub_img": "https://freepngimg.com/save/170003-speakers-audio-amplifier-free-clipart-hd/2939x1884",
  "__v": 0,
  "products": [
    {
      "$oid": "6501bd7a47e5846ca462d3da"
    }
  ]
},
{
  "_id": {
    "$oid": "64f75cb8a91827f80c6a9e12"
  },
  "cat_ref_id": {
    "$oid": "64f748d431951fec41bcc6a8"
  },
  "sub_name": "Mikrofonlar",
  "sub_img": "https://www.freeiconspng.com/thumbs/microphone-png/microphone-png-4.png",
  "__v": 0
},
{
  "_id": {
    "$oid": "64f75d0aa91827f80c6a9e14"
  },
  "cat_ref_id": {
    "$oid": "64f7496b31951fec41bcc6aa"
  },
  "sub_name": "Foto Kameralar",
  "sub_img": "https://www.pngmart.com/files/6/DSLR-Camera-Transparent-Images-PNG.png",
  "__v": 0
},
{
  "_id": {
    "$oid": "64f75d2ba91827f80c6a9e16"
  },
  "cat_ref_id": {
    "$oid": "64f7496b31951fec41bcc6aa"
  },
  "sub_name": "Video kameralar",
  "sub_img": "https://www.freepnglogos.com/uploads/camera-png/video-camera-images-download-camera-35.png",
  "__v": 0
},
{
  "_id": {
    "$oid": "64f75d6ca91827f80c6a9e18"
  },
  "cat_ref_id": {
    "$oid": "64f7496b31951fec41bcc6aa"
  },
  "sub_name": "Yoritqichlar",
  "sub_img": "https://marvel-b1-cdn.bc0a.com/f00000000269197/www.aputure.com/wp-content/uploads/2021/08/Light-Dome-150_White-BG_0002.png",
  "__v": 0
},
{
  "_id": {
    "$oid": "64f75d9aa91827f80c6a9e1a"
  },
  "cat_ref_id": {
    "$oid": "64f7496b31951fec41bcc6aa"
  },
  "sub_name": "Printerlar",
  "sub_img": "https://purepng.com/public/uploads/large/purepng.com-printerprinterhuman-readablegraphicstext-on-papercopyistelectronics-1701528367640alhrd.png",
  "__v": 0
},
{
  "_id": {
    "$oid": "64f75df5a91827f80c6a9e1c"
  },
  "cat_ref_id": {
    "$oid": "64f7496b31951fec41bcc6aa"
  },
  "sub_name": "Skanerlar",
  "sub_img": "https://www.pngmart.com/files/7/Computer-Scanner-PNG-Image.png",
  "__v": 0
},
{
  "_id": {
    "$oid": "64f75e33a91827f80c6a9e1e"
  },
  "cat_ref_id": {
    "$oid": "64f749ff31951fec41bcc6ac"
  },
  "sub_name": "Soatlar",
  "sub_img": "https://en-pk.svestonwatches.com/cdn/shop/files/SV-8215_Cam001M3_e8a4a116-907b-4c26-b1f5-663022f47261.png?v=1693825379",
  "__v": 0
},
{
  "_id": {
    "$oid": "64f75e50a91827f80c6a9e20"
  },
  "cat_ref_id": {
    "$oid": "64f749ff31951fec41bcc6ac"
  },
  "sub_name": "Smartwatches",
  "sub_img": "https://www.citypng.com/public/uploads/preview/hd-apple-watch-ultra-orange-alpine-side-view-png-11662630709tb1bm69baw.png",
  "__v": 0
},
{
  "_id": {
    "$oid": "64f75faba91827f80c6a9e24"
  },
  "cat_ref_id": {
    "$oid": "64f749ff31951fec41bcc6ac"
  },
  "sub_name": "Cases",
  "sub_img": "https://cdn3d.iconscout.com/3d/premium/thumb/fitness-watch-7057510-5740423.png",
  "__v": 0
},
{
  "_id": {
    "$oid": "64f75ff6a91827f80c6a9e26"
  },
  "cat_ref_id": {
    "$oid": "64f74a9031951fec41bcc6ae"
  },
  "sub_name": "Controllers",
  "sub_img": "https://freepngimg.com/thumb/playstation/88131-controllers-playstation-game-purple-controller-png-file-hd.png",
  "__v": 0
},
{
  "_id": {
    "$oid": "64f7603ea91827f80c6a9e28"
  },
  "cat_ref_id": {
    "$oid": "64f74a9031951fec41bcc6ae"
  },
  "sub_name": "Play Stations",
  "sub_img": "https://www.pngplay.com/wp-content/uploads/13/Playstation-Transparent-PNG.png",
  "__v": 0
},
{
  "_id": {
    "$oid": "64f7625aa91827f80c6a9e2b"
  },
  "cat_ref_id": {
    "$oid": "64f74a9031951fec41bcc6ae"
  },
  "sub_name": "Playstation Media Remote",
  "sub_img": "https://pdp.com/cdn/shop/products/051-075-na_ps4_media_remote_laydownquarter_acde4fd0-2d79-4c14-9bd8-3cf96db907c6.png?v=1663550430",
  "__v": 0
},
{
  "_id": {
    "$oid": "64f76422a91827f80c6a9e2d"
  },
  "cat_ref_id": {
    "$oid": "64f74a9031951fec41bcc6ae"
  },
  "sub_name": "Video Games",
  "sub_img": "https://i0.wp.com/crebbatech.com/wp-content/uploads/2022/10/dvd_boxed.png?fit=2120%2C1638&ssl=1",
  "__v": 0
},
{
  "_id": {
    "$oid": "64f76483a91827f80c6a9e2f"
  },
  "cat_ref_id": {
    "$oid": "64f74fc831951fec41bcc6b1"
  },
  "sub_name": "Lamps",
  "sub_img": "https://bdthemes.net/demo/wordpress/ultimate-store-kit/wp-content/uploads/2021/06/office-table-lamp3-1.png",
  "__v": 0
},
{
  "_id": {
    "$oid": "64f76532a91827f80c6a9e31"
  },
  "cat_ref_id": {
    "$oid": "64f74fc831951fec41bcc6b1"
  },
  "sub_name": "Wires",
  "sub_img": "https://www.pngall.com/wp-content/uploads/9/Electric-Cable-Wire-PNG-File.png",
  "__v": 0
},
{
  "_id": {
    "$oid": "64f76582a91827f80c6a9e33"
  },
  "cat_ref_id": {
    "$oid": "64f74fc831951fec41bcc6b1"
  },
  "sub_name": "Adapters",
  "sub_img": "https://in.dlink.com/-/media/obu-content/in/images/dpa-f2011/product-preview/dpa-f2011_front.png?h=820&w=1000&hash=70AAC2A9D0D78A4EA01C7AD18F2337B3",
  "__v": 0
},
{
  "_id": {
    "$oid": "64f76faee7a0f75c7fbee320"
  },
  "cat_ref_id": {
    "$oid": "64f74fc831951fec41bcc6b1"
  },
  "sub_name": "Drills",
  "sub_img": "https://pngimg.com/d/drill_PNG16.png",
  "__v": 0
}]