[{
  "_id": {
    "$oid": "64f79b39f573dd8fc15530f6"
  },
  "brand_name": "Xiaomi",
  "products": [
    {
      "$oid": "64fdbf4be903fc7d6990196b"
    },
    {
      "$oid": "64fdded015b2644188b1170f"
    },
    {
      "$oid": "64fde601a28e9f2f02fad345"
    },
    {
      "$oid": "64fde602a28e9f2f02fad34c"
    },
    {
      "$oid": "64fdea08ad0e495b66366849"
    },
    {
      "$oid": "64ff8ecd4968b7911ab1ea22"
    },
    {
      "$oid": "64ff90723896d850b90478e3"
    },
    {
      "$oid": "6500bc781da035d32c89d712"
    },
    {
      "$oid": "6501b9e35da1aaf3530debe6"
    },
    {
      "$oid": "6501bc3847e5846ca462d342"
    },
    {
      "$oid": "6501bd7a47e5846ca462d3da"
    },
    {
      "$oid": "65046bc507d0f580f3b2c5e8"
    }
  ],
  "__v": 0,
  "logo": "https://upload.wikimedia.org/wikipedia/commons/thumb/a/ae/Xiaomi_logo_%282021-%29.svg/2048px-Xiaomi_logo_%282021-%29.svg.png"
},
{
  "_id": {
    "$oid": "64f86c1272eb475a99b4f720"
  },
  "brand_name": "Apple",
  "logo": "https://upload.wikimedia.org/wikipedia/commons/a/ab/Apple-logo.png",
  "products": [
    {
      "$oid": "64ffa8c002e21fd6602bfb7f"
    },
    {
      "$oid": "6500b930181ec0717916f225"
    },
    {
      "$oid": "65033d994602888b8c1f70e2"
    }
  ],
  "__v": 0
},
{
  "_id": {
    "$oid": "6527b3bec661c72d84c604ce"
  },
  "brand_name": "Infinix",
  "logo": "https://www.ixbt.com/img/x780x600/r30/00/02/42/21/color.jpg",
  "products": [
    {
      "$oid": "6527bd33cd4d40dc1d5e4671"
    },
    {
      "$oid": "6528fe97d664db1bfc5bcedf"
    }
  ]
},
{
  "_id": {
    "$oid": "65334d7bf73fb2c3d7577793"
  },
  "brand_name": "Nokia",
  "__v": 0,
  "logo": "https://creativereview.imgix.net/content/uploads/2023/02/Nokia_Logo_Gradient-featured.jpg",
  "products": [
    {
      "$oid": "65334e4885830c0a5f51eee7"
    }
  ]
}]