[{
  "_id": {
    "$oid": "6525b7fe67003be32a116b0c"
  },
  "user_ref_id": {
    "$oid": "6525672828ab9231fa31783c"
  },
  "products": [
    "6501bd7a47e5846ca462d3da",
    "6525b49e8db47322d4627f2c"
  ],
  "created_at": {
    "$date": "2023-10-10T20:45:50.402Z"
  },
  "__v": 0,
  "deleted_at": {
    "$date": "2023-10-10T20:47:04.713Z"
  }
},
{
  "_id": {
    "$oid": "6525b7ff67003be32a116b12"
  },
  "user_ref_id": {
    "$oid": "6525672828ab9231fa31783c"
  },
  "products": [
    "6501bd7a47e5846ca462d3da",
    "6525b49e8db47322d4627f2c"
  ],
  "created_at": {
    "$date": "2023-10-10T20:45:51.203Z"
  },
  "__v": 0,
  "deleted_at": {
    "$date": "2023-10-10T20:47:27.357Z"
  }
},
{
  "_id": {
    "$oid": "6525fc7f4983133ea2ccbb56"
  },
  "user_ref_id": {
    "$oid": "6525672828ab9231fa31783c"
  },
  "products": [
    "6501bd7a47e5846ca462d3da"
  ],
  "created_at": {
    "$date": "2023-10-11T01:38:07.019Z"
  },
  "__v": 0,
  "deleted_at": {
    "$date": "2023-10-11T01:38:16.079Z"
  }
}]