[{
  "_id": {
    "$oid": "64f793f07d2e977b6c1a90e7"
  },
  "disc_name": "Qaynoq chegirma",
  "disc_percent": 30,
  "products": [
    {
      "$oid": "64fdea08ad0e495b66366849"
    },
    {
      "$oid": "64ff8ecd4968b7911ab1ea22"
    },
    {
      "$oid": "64ff90723896d850b90478e3"
    },
    {
      "$oid": "6525b6138db47322d4627f81"
    },
    {
      "$oid": "65334e4885830c0a5f51eee7"
    }
  ],
  "__v": 0
},
{
  "_id": {
    "$oid": "6501b8f45da1aaf3530debd6"
  },
  "disc_name": "Hafta chegirmasi",
  "disc_percent": 10,
  "products": [
    {
      "$oid": "6501b9e35da1aaf3530debe6"
    },
    {
      "$oid": "6501bc3847e5846ca462d342"
    },
    {
      "$oid": "6501bd7a47e5846ca462d3da"
    },
    {
      "$oid": "6525b49e8db47322d4627f2c"
    },
    {
      "$oid": "6525b5658db47322d4627f5c"
    },
    {
      "$oid": "6525b6f08db47322d4627faf"
    }
  ],
  "__v": 0
},
{
  "_id": {
    "$oid": "6528fc42a9155732b06edc48"
  },
  "disc_name": "Juma muborak chekirmasi",
  "disc_percent": 50,
  "__v": 0,
  "products": [
    "",
    {
      "$oid": "6528fe97d664db1bfc5bcedf"
    }
  ]
}]